{
	"InsuredType": [{
			"value": "IN",
			"label": "Individual"
		},
		{
			"value": "CO",
			"label": "Corporation"
		},
		{
			"value": "PA",
			"label": "Partnership"
		},
		{
			"value": "LL",
			"label": "Limited Liability Corporation"
		}
	],
	"StatesFull": [{
			"value": "99",
			"label": "Unknown State",
			"merchants": "false"
		},
		{
			"value": "61",
			"label": "Alberta",
			"merchants": "false"
		},
		{
			"value": "54",
			"label": "Alaska",
			"merchants": "false"
		},
		{
			"value": "1",
			"label": "Alabama",
			"merchants": "false"
		},
		{
			"value": "3",
			"label": "Arkansas",
			"merchants": "false"
		},
		{
			"value": "2",
			"label": "Arizona",
			"merchants": "false"
		},
		{
			"value": "62",
			"label": "British Columbia",
			"merchants": "false"
		},
		{
			"value": "4",
			"label": "California",
			"merchants": "false"
		},
		{
			"value": "5",
			"label": "Colorado",
			"merchants": "false"
		},
		{
			"value": "6",
			"label": "Connecticut",
			"merchants": "false"
		},
		{
			"value": "8",
			"label": "District of Columbia",
			"merchants": "false"
		},
		{
			"value": "7",
			"label": "Delaware",
			"merchants": "false"
		},
		{
			"value": "9",
			"label": "Florida",
			"merchants": "false"
		},
		{
			"value": "10",
			"label": "Georgia",
			"merchants": "false"
		},
		{
			"value": "52",
			"label": "Hawaii",
			"merchants": "false"
		},
		{
			"value": "14",
			"label": "Iowa",
			"merchants": "false"
		},
		{
			"value": "11",
			"label": "Idaho",
			"merchants": "false"
		},
		{
			"value": "12",
			"label": "Illinois",
			"merchants": "false"
		},
		{
			"value": "13",
			"label": "Indiana",
			"merchants": "false"
		},
		{
			"value": "15",
			"label": "Kansas",
			"merchants": "false"
		},
		{
			"value": "16",
			"label": "Kentucky",
			"merchants": "false"
		},
		{
			"value": "17",
			"label": "Louisiana",
			"merchants": "false"
		},
		{
			"value": "20",
			"label": "Massachusetts",
			"merchants": "true"
		},
		{
			"value": "63",
			"label": "Manitoba",
			"merchants": "false"
		},
		{
			"value": "19",
			"label": "Maryland",
			"merchants": "false"
		},
		{
			"value": "18",
			"label": "Maine",
			"merchants": "false"
		},
		{
			"value": "21",
			"label": "Michigan",
			"merchants": "true"
		},
		{
			"value": "22",
			"label": "Minnesota",
			"merchants": "false"
		},
		{
			"value": "24",
			"label": "Missouri",
			"merchants": "false"
		},
		{
			"value": "23",
			"label": "Mississippi",
			"merchants": "false"
		},
		{
			"value": "25",
			"label": "Montana",
			"merchants": "false"
		},
		{
			"value": "71",
			"label": "New Brunswick",
			"merchants": "false"
		},
		{
			"value": "32",
			"label": "North Carolina",
			"merchants": "false"
		},
		{
			"value": "33",
			"label": "North Dakota",
			"merchants": "false"
		},
		{
			"value": "26",
			"label": "Nebraska",
			"merchants": "false"
		},
		{
			"value": "28",
			"label": "New Hampshire",
			"merchants": "true"
		},
		{
			"value": "29",
			"label": "New Jersey",
			"merchants": "true"
		},
		{
			"value": null,
			"label": "Newfoundland and Labrador",
			"merchants": "false"
		},
		{
			"value": "30",
			"label": "New Mexico",
			"merchants": "false"
		},
		{
			"value": "72",
			"label": "Nova Scotia",
			"merchants": "false"
		},
		{
			"value": "69",
			"label": "Northwest Territories",
			"merchants": "false"
		},
		{
			"value": null,
			"label": "Nunavut",
			"merchants": "false"
		},
		{
			"value": "27",
			"label": "Nevada",
			"merchants": "false"
		},
		{
			"value": "NY",
			"label": "New York",
			"merchants": "true"
		},
		{
			"value": "34",
			"label": "Ohio",
			"merchants": "true"
		},
		{
			"value": "35",
			"label": "Oklahoma",
			"merchants": "false"
		},
		{
			"value": "64",
			"label": "Ontario",
			"merchants": "false"
		},
		{
			"value": "36",
			"label": "Oregon",
			"merchants": "false"
		},
		{
			"value": "37",
			"label": "Pennsylvania",
			"merchants": "true"
		},
		{
			"value": "60",
			"label": "Prince Edward Island",
			"merchants": "false"
		},
		{
			"value": "58",
			"label": "Puerto Rico",
			"merchants": "false"
		},
		{
			"value": null,
			"label": "Quebec",
			"merchants": "false"
		},
		{
			"value": "38",
			"label": "Rhode Island",
			"merchants": "true"
		},
		{
			"value": "39",
			"label": "South Carolina",
			"merchants": "false"
		},
		{
			"value": "40",
			"label": "South Dakota",
			"merchants": "false"
		},
		{
			"value": null,
			"label": "Saskatchewan",
			"merchants": "false"
		},
		{
			"value": "41",
			"label": "Tennessee",
			"merchants": "false"
		},
		{
			"value": "42",
			"label": "Texas",
			"merchants": "false"
		},
		{
			"value": "43",
			"label": "Utah",
			"merchants": "false"
		},
		{
			"value": "45",
			"label": "Virginia",
			"merchants": "false"
		},
		{
			"value": "44",
			"label": "Vermont",
			"merchants": "false"
		},
		{
			"value": "46",
			"label": "Washington",
			"merchants": "false"
		},
		{
			"value": "48",
			"label": "Wisconsin",
			"merchants": "false"
		},
		{
			"value": "47",
			"label": "West Virginia",
			"merchants": "false"
		},
		{
			"value": "49",
			"label": "Wyoming",
			"merchants": "false"
		},
		{
			"value": null,
			"label": "Yukon Territory",
			"merchants": "false"
		}
	],
	"States": [{
			"value": "20",
			"label": "Massachusetts"
		},
		{
			"value": "21",
			"label": "Michigan"
		},
		{
			"value": "28",
			"label": "New Hampshire"
		},
		{
			"value": "29",
			"label": "New Jersey"
		},
		{
			"value": "31",
			"label": "New York"
		},
		{
			"value": "34",
			"label": "Ohio"
		},
		{
			"value": "37",
			"label": "Pennsylvania"
		},
		{
			"value": "44",
			"label": "Vermont"
		}
	],
	"LineOfBusiness": [{
			"value": "GLP",
			"label": "General Liability"
		},
		{
			"value": "IMP",
			"label": "Inland Marine"
		},
		{
			"value": "CFP",
			"label": "Property"
		}
	],
	"GLP": [{
			"value": "Bodily Injury",
			"label": "Bodily Injury"
		},
		{
			"value": "Property Damage",
			"label": "Property Damage"
		},
		{
			"value": "Other",
			"label": "Other"
		}
	],
	"CFP": [{
			"value": "Fire",
			"label": "Fire"
		},
		{
			"value": "Lightning",
			"label": "Lightning"
		},
		{
			"value": "Explosion",
			"label": "Explosion"
		},
		{
			"value": "Smoke",
			"label": "Smoke"
		},
		{
			"value": "Windstorm",
			"label": "Windstorm"
		},
		{
			"value": "Hail",
			"label": "Hail"
		},
		{
			"value": "Vehicle",
			"label": "Vehicle"
		},
		{
			"value": "Vandalism",
			"label": "Vandalism"
		},
		{
			"value": "Sprinkler Leakage",
			"label": "Sprinkler Leakage"
		},
		{
			"value": "Theft",
			"label": "Theft"
		},
		{
			"value": "Water Damage",
			"label": "Water Damage"
		},
		{
			"value": "Collapse/Weight of Snow, Ice, or Sleet",
			"label": "Collapse/Weight of Snow, Ice, or Sleet"
		},
		{
			"value": "Flood",
			"label": "Flood"
		},
		{
			"value": "Earthquake",
			"label": "Earthquake"
		},
		{
			"value": "Equipment Breakdown",
			"label": "Equipment Breakdown"
		},
		{
			"value": "Other",
			"label": "Other"
		}
	],
	"IMP": [{
			"value": "Fire",
			"label": "Fire"
		},
		{
			"value": "Lightning",
			"label": "Lightning"
		},
		{
			"value": "Explosion",
			"label": "Explosion"
		},
		{
			"value": "Smoke",
			"label": "Smoke"
		},
		{
			"value": "Windstorm",
			"label": "Windstorm"
		},
		{
			"value": "Hail",
			"label": "Hail"
		},
		{
			"value": "Vehicle",
			"label": "Vehicle"
		},
		{
			"value": "Vandalism",
			"label": "Vandalism"
		},
		{
			"value": "Sprinkler Leakage",
			"label": "Sprinkler Leakage"
		},
		{
			"value": "Theft",
			"label": "Theft"
		},
		{
			"value": "Water Damage",
			"label": "Water Damage"
		},
		{
			"value": "Collapse/Weight of Snow, Ice, or Sleet",
			"label": "Collapse/Weight of Snow, Ice, or Sleet"
		},
		{
			"value": "Flood",
			"label": "Flood"
		},
		{
			"value": "Earthquake",
			"label": "Earthquake"
		},
		{
			"value": "Other",
			"label": "Other"
		}
	],
	"TypeOfOccuranceClaim": [],
	"defaultEOLMT": "$1,000,000/$2,000,000",
	"GLOccuranceAggregate": [{
			"value": "$300,000/$600,000",
			"label": "$300,000/$600,000"
		},
		{
			"value": "$500,000/$1,000,000",
			"label": "$500,000/$1,000,000"
		},
		{
			"value": "$1,000,000/$2,000,000",
			"label": "$1,000,000/$2,000,000"
		},
		{
			"value": "$2,000,000/$4,000,000",
			"label": "$2,000,000/$4,000,000"
		}
	],
	"defaultMEDLMT": "5000",
	"MedicalExpense": [{
			"value": "5000",
			"label": "$5,000"
		},
		{
			"value": "10000",
			"label": "$10,000"
		},
		{
			"value": "15000",
			"label": "$15,000"
		}
	],
	"defaultFDLMT": "500000",
	"DamageToPremisesRented": [{
			"value": "300000",
			"label": "$300,000"
		},
		{
			"value": "500000",
			"label": "$500,000"
		},
		{
			"value": "1000000",
			"label": "$1,000,000"
		},
		{
			"value": "2000000",
			"label": "$2,000,000"
		}
	],
	"FTHYDT": [{
		"value": "within 1000 feet",
		"label": "Within 1,000 ft"
	}, {
		"value": "over 1000 feet",
		"label": "Over 1,000 ft"
	}],
	"FDMILE": [{
		"value": "within 5 miles",
		"label": "Within 5 miles"
	}, {
		"value": "over 5 miles",
		"label": "Over 5 Miles"
	}],
	"defaultFIRALM1": "LO",
	"FIRALM1": [
		{
			"value": "P1",
			"label": "Automatic Fire Alarm"
		},
		{
			"value": "P2",
			"label": "Security Service"
		},
		{
			"value": "Y",
			"label": "100% Sprinklered"
		}
	],
	"CONSYM": [{
			"value": "1",
			"label": "Frame"
		},
		{
			"value": "2",
			"label": "Joisted-Masonry"
		},
		{
			"value": "3",
			"label": "Non-Combustible"
		},
		{
			"value": "4",
			"label": "Masonry Non-Combustible"
		},
		{
			"value": "5",
			"label": "Modified Fire-Resistive"
		},
		{
			"value": "6",
			"label": "Fire-Resistive"
		}
	],
	"BURGAL1": [
		{
			"value": "B1",
			"label": "Automatic Burglary Alarm Central Station or Direct to Police"
		},
		{
			"value": "B2",
			"label": "Automatic Local Burglary Alarm"
		},
		{
			"value": "B3",
			"label": "Security Service"
		}
	],
	"BLDCLS": [{
			"value": "132035",
			"label": "Office"
		},
		{
			"value": "132034",
			"label": "Shop"
		},
		{
			"value": "132033",
			"label": "Retail"
		},
		{
			"value": "132033",
			"label": "Storage"
		}
	],
	"defaultBLDDED": "1000",
	"BLDDED": [{
			"value": "500",
			"label": "$500"
		},
		{
			"value": "1000",
			"label": "$1,000"
		},
		{
			"value": "2500",
			"label": "$2,500"
		},
		{
			"value": "5000",
			"label": "$5,000"
		}
	],
	"WNDDCT": [{
			"value": "",
			"label": ""
		},
		{
			"value": "1",
			"label": "1%"
		},
		{
			"value": "2",
			"label": "2%"
		},
		{
			"value": "5",
			"label": "5%"
		}
	],
	"defaultBLDCIN": "80",
	"BLDCIN": [{
			"value": "80",
			"label": "80%"
		},
		{
			"value": "90",
			"label": "90%"
		},
		{
			"value": "100",
			"label": "100%"
		}
	],
	"BPPCN1": [{
			"value": "80",
			"label": "80%"
		},
		{
			"value": "90",
			"label": "90%"
		},
		{
			"value": "100",
			"label": "100%"
		}
	],
	"defaultBLDVAL": "R",
	"BLDVAL": [{
			"value": "R",
			"label": "RCV"
		},
		{
			"value": "A",
			"label": "ACV"
		}
	],
	"defaultBPPVN1": "R",
	"BPPVN1": [{
			"value": "R",
			"label": "RCV"
		},
		{
			"value": "A",
			"label": "ACV"
		}
	],
	"UTLSVC": [{
			"value": "25000",
			"label": "$25,000"
		},
		{
			"value": "30000",
			"label": "$30,000"
		},
		{
			"value": "40000",
			"label": "$40,000"
		},
		{
			"value": "50000",
			"label": "$50,000"
		}
	],
	"BLDTP1": [{
		"value": "",
		"label": ""
		},
		{
			"value": "Scheduled",
			"label": "Scheduled"
		},
		{
			"value": "Unscheduled",
			"label": "Unscheduled"
		}
	],
	"defaultEPILIM": "50000",
	"EPILIM": [{
			"value": "50000",
			"label": "$50,000",
			"states": ["VT"]
		},
		{
			"value": "100000",
			"label": "$100,000",
			"states": ["NY", "MA", "MI", "NH", "NJ", "OH", "PA"]
		},
		{
			"value": "125000",
			"label": "$125,000",
			"states": ["VT"]
		},
		{
			"value": "250000",
			"label": "$250,000",
			"states": ["NY", "MA", "NH"]
		},
		{
			"value": "500000",
			"label": "$500,000",
			"states": ["NY", "MA", "NH"]
		},
		{
			"value": "1000000",
			"label": "$1,000,000",
			"states": ["NY", "MA", "NH"]
		}
	],
	"STAGLM": [],
	"defaultC01PCA": "10000/50000",
	"C01PCA": [{
			"value": "10000/50000",
			"label": "$10,000 Per Job / $50,000 Aggregate"
		},
		{
			"value": "25000/75000",
			"label": "$25,000 Per Job / $75,000 Aggregate"
		},
		{
			"value": "50000/100000",
			"label": "$50,000 Per Job / $100,000 Aggregate"
		}
	],
	"defaultC01DED": "1000",
	"C01DED": [{
			"value": "1000",
			"label": "$1,000 Per Job Deductible"
		},
		{
			"value": "1500",
			"label": "$1,500 Per Job Deductible"
		},
		{
			"value": "2500",
			"label": "$2,500 Per Job Deductible"
		}
	],
	"CYBAGG": [{
			"value": "100000",
			"label": "$100,000",
			"states": ["NY", "MA", "MI", "NH", "NJ", "OH", "PA", "RI", "VT"]
		},
		{
			"value": "250000",
			"label": "$250,000",
			"states": ["MA", "MI", "NH", "NJ", "OH", "PA", "RI", "VT"]
		},
		{
			"value": "500000",
			"label": "$500,000",
			"states": ["MA", "MI", "NH", "NJ", "OH", "PA", "RI", "VT"]
		},
		{
			"value": "1000000",
			"label": "$1,000,000",
			"states": ["MA", "MI", "NH", "NJ", "OH", "PA", "RI", "VT"]
		}
	],
	"EOACTL": [{
			"value": "10000/20000",
			"label": "$10,000/$20,000"
		},
		{
			"value": "25000/50000",
			"label": "$25,000/$50,000"
		},
		{
			"value": "40000/80000",
			"label": "$40,000/$80,000"
		},
		{
			"value": "60000/100000",
			"label": "$60,000/$100,000"
		},
		{
			"value": "100000/100000",
			"label": "$100,000/$100,000"
		},
		{
			"value": "100000/200000",
			"label": "$100,000/$200,000"
		}
	],
	"defaultEBPCLM": "300000/300000",
	"EBPCLM": [{
			"value": "300000/300000",
			"label": "$300,000/$300,000"
		},
		{
			"value": "500000/500000",
			"label": "$500,000/$500,000"
		},
		{
			"value": "1000000/1000000",
			"label": "$1,000,000/$1,000,000"
		}
	],
	"defaultEDLLMT": "25000",
	"EDLLMT": [{
			"value": "25000",
			"label": "$25,000"
		},
		{
			"value": "50000",
			"label": "$50,000"
		},
		{
			"value": "75000",
			"label": "$75,000"
		},
		{
			"value": "100000",
			"label": "$100,000"
		},
		{
			"value": "250000",
			"label": "$250,000"
		},
		{
			"value": "500000",
			"label": "$500,000"
		},
		{
			"value": "1000000",
			"label": "$1,000,000"
		}
	],
	"SHTPOL": [{
			"value": "100000",
			"label": "$100,000",
			"states": ["NY", "MA", "MI", "NH", "NJ", "OH", "PA", "RI"]

		},
		{
			"value": "300000",
			"label": "$300,000",
			"states": ["NY", "MA", "MI", "NH", "NJ", "OH", "PA", "RI"]
		},
		{
			"value": "500000",
			"label": "$500,000",
			"states": ["NY", "MA", "MI", "NH", "NJ", "OH", "PA", "RI"]
		},
		{
			"value": "1000000",
			"label": "$1,000,000",
			"states": ["NY", "MA", "MI", "NH", "NJ", "OH", "PA", "RI"]
		},
		{
			"value": "300000/600000",
			"label": "$300,000/$600,000",
			"states": ["VT"]
		},
		{
			"value": "500000/1000000",
			"label": "$500,000/$1,000,000",
			"states": ["VT"]
		},
		{
			"value": "1000000/2000000",
			"label": "$1,000,000/$2,000,000",
			"states": ["VT"]
		},
		{
			"value": "2000000/4000000",
			"label": "$2,000,000/$4,000,000",
			"states": ["VT"]
		}
	],
	"defaultHIREOC": "300000/600000",
	"HIREOC": [{
			"value": "300000/600000",
			"label": "$300,000/$600,000"
		},
		{
			"value": "500000/1000000",
			"label": "$500,000/$1,000,000"
		},
		{
			"value": "1000000/2000000",
			"label": "$1,000,000/$2,000,000"
		},
		{
			"value": "2000000/4000000",
			"label": "$2,000,000/$4,000,000"
		}
	],
	"CTRSCD": [{
			"value": "500",
			"label": "$500"
		},
		{
			"value": "1000",
			"label": "$1,000"
		},
		{
			"value": "2500",
			"label": "$2,500"
		},
		{
			"value": "5000",
			"label": "$5,000"
		}
	],
	"CTRCNS": [{
			"value": "80",
			"label": "80%"
		},
		{
			"value": "90",
			"label": "90%"
		},
		{
			"value": "100",
			"label": "100%"
		}
	],
	"CTRUPL": [{
			"value": "3000",
			"label": "$3,000"
		},
		{
			"value": "5000",
			"label": "$5,000"
		},
		{
			"value": "10000",
			"label": "$10,000"
		},
		{
			"value": "20000",
			"label": "$20,000"
		},
		{
			"value": "30000",
			"label": "$30,000"
		},
		{
			"value": "40000",
			"label": "$40,000"
		},
		{
			"value": "50000",
			"label": "$50,000"
		}
	],
	"DBRRMV": [{
			"value": "10000",
			"label": "$10,000"
		},
		{
			"value": "25000",
			"label": "$25,000"
		}
	],
	"TCPPEL": [{
			"value": "5000",
			"label": "$5,000"
		},
		{
			"value": "10000",
			"label": "$10,000"
		}
	],
	"FUELAC": [{
			"value": "10000",
			"label": "$10,000"
		},
		{
			"value": "15000",
			"label": "$15,000"
		},
		{
			"value": "20000",
			"label": "$20,000"
		}
	],
	"RNOOLL": [{
			"value": "10000",
			"label": "$10,000"
		},
		{
			"value": "15000",
			"label": "$15,000"
		}
	],
	"TRLCON": [{
			"value": "25000",
			"label": "$25,000"
		},
		{
			"value": "30000",
			"label": "$30,000"
		},
		{
			"value": "40000",
			"label": "$40,000"
		},
		{
			"value": "50000",
			"label": "$50,000"
		}
	],
	"EQPBOR": [{
			"value": "50000",
			"label": "$50,000"
		},
		{
			"value": "75000",
			"label": "$75,000"
		},
		{
			"value": "100000",
			"label": "$100,000"
		}
	],
	"EQPRNT": [{
			"value": "50000",
			"label": "$50,000"
		},
		{
			"value": "75000",
			"label": "$75,000"
		},
		{
			"value": "100000",
			"label": "$100,000"
		}
	],
	"CTRRPL": [{
			"value": "R",
			"label": "RCV"
		},
		{
			"value": "A",
			"label": "ACV"
		}
	],
	"CINDED": [{
			"value": "500",
			"label": "$500"
		},
		{
			"value": "1000",
			"label": "$1,000"
		},
		{
			"value": "2500",
			"label": "$2,500"
		},
		{
			"value": "5000",
			"label": "$5,000"
		}
	],
	"CINCNS": [{
			"value": "80",
			"label": "80%"
		},
		{
			"value": "90",
			"label": "90%"
		},
		{
			"value": "100",
			"label": "100%"
		}
	],
	"CINSLM": [{
			"value": "10000",
			"label": "$10,000"
		},
		{
			"value": "25000",
			"label": "$25,000"
		},
		{
			"value": "50000",
			"label": "$50,000"
		}
	],
	"CINLLM": [{
			"value": "5000",
			"label": "$5,000"
		},
		{
			"value": "10000",
			"label": "$10,000"
		},
		{
			"value": "15000",
			"label": "$15,000"
		}
	],
	"CINTLM": [{
			"value": "5000",
			"label": "$5,000"
		},
		{
			"value": "7500",
			"label": "$7,500"
		},
		{
			"value": "10000",
			"label": "$10,000"
		}
	],
	"defaultACRON": "25000/10000",
	"ACRON": [{
			"value": "25000/10000",
			"label": "$25,000"
		},
		{
			"value": "30000/10000",
			"label": "$30,000"
		},
		{
			"value": "40000/10000",
			"label": "$40,000"
		},
		{
			"value": "50000/10000",
			"label": "$50,000"
		},
		{
			"value": "60000/10000",
			"label": "$60,000"
		},
		{
			"value": "70000/10000",
			"label": "$70,000"
		},
		{
			"value": "80000/10000",
			"label": "$80,000"
		},
		{
			"value": "90000/10000",
			"label": "$90,000"
		},
		{
			"value": "100000/10000",
			"label": "$100,000"
		}
	],
	"BPPTMP": [{
			"value": "10000",
			"label": "$10,000"
		},
		{
			"value": "15000",
			"label": "$15,000"
		},
		{
			"value": "20000",
			"label": "$20,000"
		},
		{
			"value": "25000",
			"label": "$25,000"
		},
		{
			"value": "30000",
			"label": "$30,000"
		}
	],
	"COMEQP": [{
			"value": "1000",
			"label": "$1,000"
		},
		{
			"value": "2500",
			"label": "$2,500"
		},
		{
			"value": "5000",
			"label": "$5,000"
		},
		{
			"value": "7500",
			"label": "$7,500"
		},
		{
			"value": "10000",
			"label": "$10,000"
		}
	],
	"ACPDBRRMV": [{
			"value": "25000",
			"label": "$25,000"
		},
		{
			"value": "30000",
			"label": "$30,000"
		},
		{
			"value": "35000",
			"label": "$35,000"
		}
	],
	"ACPEDLLMT": [{
			"value": "50000",
			"label": "$50,000"
		},
		{
			"value": "60000",
			"label": "$60,000"
		},
		{
			"value": "70000",
			"label": "$70,000"
		},
		{
			"value": "75000",
			"label": "$75,000"
		}
	],
	"ETFTLM": [{
			"value": "50000",
			"label": "$50,000"
		},
		{
			"value": "100000",
			"label": "$100,000"
		},
		{
			"value": "150000",
			"label": "$150,000"
		},
		{
			"value": "200000",
			"label": "$200,000"
		}
	],
	"FALTLM": [{
			"value": "10000",
			"label": "$10,000"
		},
		{
			"value": "25000",
			"label": "$25,000"
		},
		{
			"value": "50000",
			"label": "$50,000"
		},
		{
			"value": "75000",
			"label": "$75,000"
		},
		{
			"value": "100000",
			"label": "$100,000"
		}
	],
	"defaultMNSILM": "10000/10000",
	"MNSILM": [{
			"value": "10000/10000",
			"label": "$10,000"
		},
		{
			"value": "15000/10000",
			"label": "$15,000"
		},
		{
			"value": "20000/10000",
			"label": "$20,000"
		},
		{
			"value": "25000/10000",
			"label": "$25,000"
		},
		{
			"value": "50000/10000",
			"label": "$50,000"
		}
	],
	"OUTPRP": [{
			"value": "20000",
			"label": "$20,000"
		},
		{
			"value": "30000",
			"label": "$30,000"
		},
		{
			"value": "40000",
			"label": "$40,000"
		},
		{
			"value": "50000",
			"label": "$50,000"
		}
	],
	"OUTSNL": [{
			"value": "10000",
			"label": "$10,000"
		},
		{
			"value": "15000",
			"label": "$15,000"
		},
		{
			"value": "20000",
			"label": "$20,000"
		},
		{
			"value": "25000",
			"label": "$25,000"
		}
	],
	"VPRLM1": [{
			"value": "25000",
			"label": "$25,000"
		},
		{
			"value": "50000",
			"label": "$50,000"
		},
		{
			"value": "75000",
			"label": "$75,000"
		},
		{
			"value": "100000",
			"label": "$100,000"
		}
	],
	"BINTIM": [{
			"value": "24",
			"label": "24 Hours"
		},
		{
			"value": "48",
			"label": "48 Hours"
		},
		{
			"value": "72",
			"label": "72 Hours"
		}
	]
}
