{
    "data":
    [
        {
            "data":{
                "AgentId":"12345",
                "Name":"Jean Smith",
                "Region":"ESB01",
                "Territory": "NE",
                "presidents": true,
                "AdnA": true,
                "MinPremium": 50000,
                "adnC": true,
                "canceledAgency": true,
                "rate": 0.8
            },
            "children":[]
        },
        {
            "data":{
                "AgentId":"34567",
                "Name":"Jerry Smith",
                "Region":"TMGJ7",
                "Territory": "BHM",
                "presidents": false,
                "AdnA": false,
                "MinPremium": null,
                "adnC": false,
                "zeroPayment": true,
                "rate": 0.8
            },
            "children":[
                {
                    "data":{
                        "AgentId":"34567",
                        "Name":"Ursula Smith",
                        "Region":"TMGJ7",
                        "Territory": "BHM",
                        "presidents": false,
                        "AdnA": true,
                        "MinPremium": 25000,
                        "adnC": false,
                        "rate": 0.8
                    }
                },
                {
                    "data":{
                        "AgentId":"34567",
                        "Name":"Bill Smith",
                        "Region":"TMGJ7",
                        "Territory": "BHM",
                        "presidents": true,
                        "AdnA": false,
                        "MinPremium": null,
                        "adnC": false,
                        "rate": 0.8
                    }
                },
                {
                    "data":{
                        "AgentId":"34567",
                        "Name":"Terry Smith",
                        "Region":"TMGJ7",
                        "Territory": "BHM",
                        "presidents": false,
                        "AdnA": false,
                        "MinPremium": 5000,
                        "adnC": true,
                        "rate": 0.8
                    }
                }
            ]
        },
        {
            "data":{
                "AgentId":"98765",
                "Name":"Jeremy Smith",
                "Region":"ESB01",
                "Territory": "ABC",
                "presidents": false,
                "AdnA": false,
                "MinPremium": 50000,
                "adnC": true,
                "rate": 0.8
            },
            "children":[
                {
                    "data":{
                        "AgentId":"34567",
                        "Name":"Todd Smith",
                        "Region":"TMGJ7",
                        "Territory": "BHM",
                        "presidents": false,
                        "AdnA": false,
                        "MinPremium": null,
                        "adnC": false,
                        "rate": 0.8
                    }
                },
                {
                    "data":{
                        "AgentId":"34567",
                        "Name":"Lily Smith",
                        "Region":"TMGJ7",
                        "Territory": "BHM",
                        "presidents": true,
                        "AdnA": true,
                        "MinPremium": 10000,
                        "adnC": true,
                        "rate": 0.8
                    }
                }
            ]
        },
        {
            "data":{
                "AgentId":"34567",
                "Name":"Tony Smith",
                "Region":"TMGJ7",
                "Territory": "BHM",
                "presidents": false,
                "AdnA": false,
                "MinPremium": null,
                "adnC": false,
                "rate": 0.8
            },
            "children":[]
        },
        {
            "data":{
                "AgentId":"34567",
                "Name":"Tom Smith",
                "Region":"ESB01",
                "Territory": "ABC",
                "presidents": false,
                "AdnA": true,
                "MinPremium": 50000,
                "adnC": true,
                "rate": 0.8
            },
            "children":[]
        },
        {
            "data":{
                "AgentId":"34567",
                "Name":"Peter Smith",
                "Region":"TMGJ7",
                "Territory": "BHM",
                "presidents": false,
                "AdnA": false,
                "MinPremium": null,
                "adnC": false,
                "rate": 0.8
            },
            "children":[]
        },
        {
            "data":{
                "AgentId":"34567",
                "Name":"Larry Smith",
                "Region":"ESB01",
                "Territory": "NE",
                "presidents": false,
                "AdnA": true,
                "MinPremium": 50000,
                "adnC": true,
                "rate": 0.8
            },
            "children":[
                {
                    "data":{
                        "AgentId":"34567",
                        "Name":"Todd Smith",
                        "Region":"TMGJ7",
                        "Territory": "BHM",
                        "presidents": true,
                        "AdnA": false,
                        "MinPremium": null,
                        "adnC": false,
                        "rate": 0.8
                    }
                },
                {
                    "data":{
                        "AgentId":"34567",
                        "Name":"Lily Smith",
                        "Region":"TMGJ7",
                        "Territory": "BHM",
                        "presidents": false,
                        "AdnA": true,
                        "MinPremium": 10000,
                        "adnC": true,
                        "rate": 0.8
                    }
                },
                {
                    "data":{
                        "AgentId":"34567",
                        "Name":"Bill Smith",
                        "Region":"TMGJ7",
                        "Territory": "BHM",
                        "presidents": false,
                        "AdnA": false,
                        "MinPremium": null,
                        "adnC": true,
                        "rate": 0.8
                    }
                }
            ]
        },
        {
            "data":{
                "AgentId":"34567",
                "Name":"Mary Smith",
                "Region":"TMGJ7",
                "Territory": "BHM",
                "presidents": false,
                "AdnA": false,
                "MinPremium": null,
                "adnC": false,
                "rate": 0.8
            },
            "children":[]
        },
        {
            "data":{
                "AgentId":"34567",
                "Name":"Nicholas Smith",
                "Region":"ESB01",
                "Territory": "ABC",
                "presidents": false,
                "AdnA": true,
                "MinPremium": 50000,
                "adnC": true
            },
            "children":[]
        },
        {
            "data":{
                "AgentId":"34567",
                "Name":"Dominick Smith",
                "Region":"TMGJ7",
                "Territory": "BHM",
                "presidents": false,
                "AdnA": false,
                "MinPremium": null,
                "adnC": false
            },
            "children":[
                {
                    "data":{
                        "AgentId":"34567",
                        "Name":"Ursula Smith",
                        "Region":"TMGJ7",
                        "Territory": "BHM",
                        "presidents": false,
                        "AdnA": true,
                        "MinPremium": 25000,
                        "adnC": false
                    }
                },
                {
                    "data":{
                        "AgentId":"34567",
                        "Name":"Bill Smith",
                        "Region":"TMGJ7",
                        "Territory": "BHM",
                        "presidents": false,
                        "AdnA": false,
                        "MinPremium": null,
                        "adnC": false,
                        "rate": 1.5
                    }
                },
                {
                    "data":{
                        "AgentId":"34567",
                        "Name":"Terry Smith",
                        "Region":"TMGJ7",
                        "Territory": "BHM",
                        "presidents": false,
                        "AdnA": false,
                        "MinPremium": 5000,
                        "adnC": true
                    }
                }
            ]
        },
        {
            "data":{
                "AgentId":"34567",
                "Name":"Susan Smith",
                "Region":"ESB01",
                "Territory": "ABC",
                "presidents": true,
                "AdnA": true,
                "MinPremium": 50000,
                "adnC": true
            },
            "children":[
                {
                    "data":{
                        "AgentId":"34567",
                        "Name":"Todd Smith",
                        "Region":"TMGJ7",
                        "Territory": "BHM",
                        "presidents": false,
                        "AdnA": false,
                        "MinPremium": null,
                        "adnC": false
                    }
                },
                {
                    "data":{
                        "AgentId":"34567",
                        "Name":"Lily Smith",
                        "Region":"TMGJ7",
                        "Territory": "BHM",
                        "presidents": false,
                        "AdnA": true,
                        "MinPremium": 10000,
                        "adnC": true
                    }
                }
            ]
        },
        {
            "data":{
                "AgentId":"34567",
                "Name":"Lucy Smith",
                "Region":"TMGJ7",
                "Territory": "BHM",
                "presidents": false,
                "AdnA": false,
                "MinPremium": null,
                "adnC": false
            },
            "children":[]
        },
        {
            "data":{
                "AgentId":"34567",
                "Name":"Bobby Smith",
                "Region":"ESB01",
                "Territory": "ABC",
                "presidents": false,
                "AdnA": true,
                "MinPremium": 50000,
                "adnC": true
            },
            "children":[]
        },
        {
            "data":{
                "AgentId":"34567",
                "Name":"William Smith",
                "Region":"TMGJ7",
                "Territory": "BHM",
                "presidents": false,
                "AdnA": false,
                "MinPremium": null,
                "adnC": false
            },
            "children":[
                {
                    "data":{
                        "AgentId":"34567",
                        "Name":"Ursula Smith",
                        "Region":"TMGJ7",
                        "Territory": "BHM",
                        "presidents": false,
                        "AdnA": true,
                        "MinPremium": 25000,
                        "adnC": false
                    }
                },
                {
                    "data":{
                        "AgentId":"34567",
                        "Name":"Bill Smith",
                        "Region":"TMGJ7",
                        "Territory": "BHM",
                        "presidents": false,
                        "AdnA": false,
                        "MinPremium": null,
                        "adnC": false,
                        "rate": 1.5
                    }
                },
                {
                    "data":{
                        "AgentId":"34567",
                        "Name":"Terry Smith",
                        "Region":"TMGJ7",
                        "Territory": "BHM",
                        "presidents": false,
                        "AdnA": false,
                        "MinPremium": 5000,
                        "adnC": true
                    }
                }
            ]
        }
    ]
}