[{
		"label": "CG 2003: Conscessionaires Trading Under Your Name",
		"total": 0,
		"visible": false,
		"field": "CNCNT",
		"value" : "CN",
		"name_label": "Concessionaire(s)",
		"additional_questions": [ ],
		"data": []
	},
	{
		"label": "CG 2005: Controlling Interests",
		"total": 0,
		"visible": false,
		"field": "CICNT",
		"value": "CI",
		"name_label": "Name of Person(s) or Organization(s)",
		"additional_questions": [ ],
		"data": []
	},
	{
		"label": "CG 2010: Owners, Lessees or Contractors - Scheduled Person or Organization",
		"total": 0,
		"visible": false,
		"field": "OBCNT",
		"value": "OB",
		"name_label": "Name of Person(s) or Organization(s)",
		"additional_questions": [
			{
				"field": "LOCOPS",
				"label": "Location(s) of Covered Operations"
			}
		],
		"data": []
	},
	{
		"label": "CG 2011: Managers or Lessors of Premises",
		"total": 0,
		"visible": false,
		"field": "MLCNT",
		"value": "ML",
		"name_label": "Name of Person(s) or Organization(s)",
		"additional_questions": [
			{
				"field": "DESPAD",
				"label": "Designation of Premises (Part Leased to You)"
			}
		],
		"data": []
	},
	{
		"label": "CG 2012: State or Governmental Agency or Subdivision or Political Subdivision - Permits or Authorizations",
		"total": 0,
		"visible": false,
		"field": "SPCNT",
		"value": "SP",
		"name_label": "State or Governmental Agency or Subdivision or Polictical Subdivision",
		"additional_questions": [ ],
		"data": []
	},
	{
		"label": "CG 2013: State or Governmental Agency or Subdivision or Political Subdivision - Permits or Authorizations Relating to Premises",
		"total": 0,
		"visible": false,
		"field": "STCNT",
		"value": "ST",
		"name_label": "State or Governmental Agency or Subdivision or Polictical Subdivision",
		"additional_questions": [ ],
		"data": []
	},
	{
		"label": "CG 2015: Vendors",
		"total": 0,
		"visible": false,
		"field": "VECNT",
		"value": "VE",
		"name_label": "Name of Additional Insured Persons(s) or Organization(s) (Vendor)",
		"additional_questions": [
			{
				"field": "YORPRD",
				"label": "Your Products"
			}
		],
		"data": []
	},
	{
		"label": "CG 2018: Mortgagee Assignee or Receiver",
		"total": 0,
		"visible": false,
		"field": "MTCNT",
		"value": "MT",
		"name_label": "Name of Person(s) or Organization(s)",
		"additional_questions": [
			{
				"field": "DESPAD",
				"label": "Designation of Premises"
			}
		],
		"data": []
	},
	{
		"label": "CG 2024: Owners or Other Interests From Whom Land Has Been Leased",
		"total": 0,
		"visible": false,
		"field": "OWCNT",
		"value": "OW",
		"name_label": "Name of Person(s) or Organization(s)",
		"additional_questions": [
			{
				"field": "DESPAD",
				"label": "Designation of Premises (Part Leased to You)"
			}
		],
		"data": []
	},
	{
		"label": "CG 2026: Designated Person or Organization",
		"total": 0,
		"visible": false,
		"field": "POCNT",
		"value": "PO",
		"name_label": "Name of Additonal Insured Person(s) or Organization(s)",
		"additional_questions": [ ],
		"data": []
	},
	{
		"label": "CG 2027: Co-Owner of Insured Premises",
		"total": 0,
		"visible": false,
		"field": "COCNT",
		"value": "CO",
		"name_label": "Name of Person(s) or Organization(s)",
		"additional_questions": [
			{
				"field": "DESPAD",
				"label": "Location of Premises"
			}
		],
		"data": []
	},
	{
		"label": "CG 2028: Lessor of Leased Equipment",
		"total": 0,
		"visible": false,
		"field": "GFCNT",
		"value": "GF",
		"name_label": "Name of Additonal Insured Person(s) or Organization(s)",
		"additional_questions": [ ],
		"data": []
	},
	{
		"label": "CG 2029: Grantor or Franchise",
		"total": 0,
		"visible": false,
		"field": "LECNT",
		"value": "LE",
		"name_label": "Name of Person(s) or Organization(s)",
		"additional_questions": [ ],
		"data": []
	},
	{
		"label": "CG 2032: Engineers, Architects or Surveyors Not Engaged by the Named Insured",
		"total": 0,
		"visible": false,
		"field": "ENCNT",
		"value": "EN",
		"name_label": "Name of Additional Insured Engineeers, Architects or Surveys Not Engaged by the Named Insured",
		"additional_questions": [ ],
		"data": []
	},
	{
		"label": "CG 2036: Grantor of Licenses",
		"total": 0,
		"visible": false,
		"field": "GSCNT",
		"value": "GS",
		"name_label": "Name of Person(s) or Organization(s)",
		"additional_questions": [ ],
		"data": []
	},
	{
		"label": "CG 2037: Owners, Lessees or Contractors - Completed Operations",
		"total": 0,
		"visible": false,
		"field": "CPCNT",
		"value": "CP",
		"name_label": "Name of Additional Insured Persons(s) or Organization(s) (Vendor)",
		"additional_questions": [
			{
				"field": "LOCOPS",
				"label": "Location of Completed Operations"
			},
			{
				"field": "DESPAD",
				"label": "Description of Completed Operations"
			}
		],
		"data": []
	},
	{
		"label": "CG 2404: Waiver of Transfer of Rights of Recovery Against Others To Us",
		"total": 0,
		"visible": false,
		"field": "CACNT",
		"value": "OB",
		"name_label": "Name of Person(s) or Organization(s)",
		"additional_questions": [ ],
		"data": []
	}
]
