{
	"InsuredType": [
	  {
		"value": "IN",
		"label": "Individual"
	  },
	  {
		"value": "CO",
		"label": "Corporation"
	  },
	  {
		"value": "PA",
		"label": "Partnership"
	  },
	  {
		"value": "LL",
		"label": "Limited Liability Corporation"
	  }
	],
  
	"States": [
	  {
		"value": "20",
		"label": "Massachusetts"
	  },
	  {
		"value": "21",
		"label": "Michigan"
	  },
  
	  {
		"value": "28",
		"label": "New Hampshire"
	  },
	  {
		"value": "29",
		"label": "New Jersey"
	  },
  
	  {
		"value": "31",
		"label": "New York"
	  },
	  {
		"value": "34",
		"label": "Ohio"
	  },
	  {
		"value": "37",
		"label": "Pennsylvania"
	  },
	  {
		"value": "38",
		"label": "Rhode Island"
	  },
	  {
		"value": "44",
		"label": "Vermont"
	  }
	],
  
	"LineOfBusiness": [
	  {
		"value": "General Liability",
		"label": "General Liability"
	  },
	  {
		"value": "Inlnd Marine",
		"label": "Inlnd Marine"
	  },
	  {
		"value": "Property",
		"label": "Property"
	  }
	],
  
	"TypeOfOccuranceClaim": [
	  {
		"value": "Bodily Injury",
		"label": "Bodily Injury"
	  },
	  {
		"value": "Physical Damage",
		"label": "Physical Damage"
	  },
	  {
		"value": "Fire",
		"label": "Fire"
	  }
	],
  
	"GLOccuranceAggregate": [
	  {
		"value": "300000",
		"label": "$300,000/$600,000"
	  },
	  {
		"value": "500000",
		"label": "$500,000/$1,000,000"
	  },
	  {
		"value": "1000000",
		"label": "$1,000,000/$2,000,000"
	  },
	  {
		"value": "2000000",
		"label": "$2,000,000/$4,000,000"
	  }
	],
  
	"MedicalExpense": [
	  {
		"value": "5000",
		"label": "$5,000"
	  },
	  {
		"value": "10000",
		"label": "$10,000"
	  },
	  {
		"value": "15000",
		"label": "$15,000"
	  }
	],
  
	"DamageToPremisesRented": [
	  {
		"value": "300000",
		"label": "$300,000"
	  },
	  {
		"value": "500000",
		"label": "$500,000"
	  },
	  {
		"value": "1000000",
		"label": "1000000"
	  },
	  {
		"value": "2000000",
		"label": "$2,000,000"
	  }
	],
	"FIRALM1": [
	  {
		"value": "None",
		"label": "None"
	  },
	  {
		"value": "Central Station",
		"label": "Central Station"
	  },
	  {
		"value": "Direct to Fire Department",
		"label": "Direct to Fire Department"
	  },
	  {
		"value": "Local",
		"label": "Local"
	  }
	],
	"CONSYM": [
	  {
		"value": "Frame",
		"label": "Frame"
	  },
	  {
		"value": "Joisted Masonry",
		"label": "Joisted Masonry"
	  },
	  {
		"value": "Non-Combustible",
		"label": "Non-Combustible"
	  },
	  {
		"value": "Masonry Non-Combustible",
		"label": "Masonry Non-Combustible"
	  },
	  {
		"value": "Modified Fire Resistive",
		"label": "Modified Fire Resistive"
	  },
	  {
		"value": "Fire Resistive",
		"label": "Fire Resistive"
	  }
	],
	"BURGAL1": [
	  {
		"value": "None",
		"label": "None"
	  },
	  {
		"value": "Central Station",
		"label": "Central Station"
	  },
	  {
		"value": "Direct to Police Department",
		"label": "Direct to Police Department"
	  }
	],
	"BLDDED": [
	  {
		"value": "$250",
		"label": "$250"
	  },
	  {
		"value": "$500",
		"label": "$500"
	  },
	  {
		"value": "$1,000",
		"label": "$1,000"
	  },
	  {
		"value": "$2,500",
		"label": "$2,500"
	  },
	  {
		"value": "$5,000",
		"label": "$5,000"
	  },
	  {
		"value": "$10,000",
		"label": "$10,000"
	  }
	],
	"WNDDCT": [
	  {
		"value": "1%",
		"label": "1%"
	  },
	  {
		"value": "2%",
		"label": "2%"
	  },
	  {
		"value": "3%",
		"label": "3%"
	  },
	  {
		"value": "5%",
		"label": "5%"
	  },
	  {
		"value": "10%",
		"label": "10%"
	  }
	],
	"BLDCIN": [
	  {
		"value": "80%",
		"label": "80%"
	  },
	  {
		"value": "90%",
		"label": "90%"
	  },
	  {
		"value": "100%",
		"label": "100%"
	  }
	],
	"BPPCN1": [
	  {
		"value": "80%",
		"label": "80%"
	  },
	  {
		"value": "90%",
		"label": "90%"
	  },
	  {
		"value": "100%",
		"label": "100%"
	  }
	],
	"BLDVAL": [
	  {
		"value": "RCV",
		"label": "RCV"
	  },
	  {
		"value": "ACV",
		"label": "ACV"
	  }
	],
	"BPPVN1": [
	  {
		"value": "RCV",
		"label": "RCV"
	  },
	  {
		"value": "ACV",
		"label": "ACV"
	  }
	]
  
  }
  