{
	"GLLOCATIONS": [
		{
			"ADDRESS": {
				"EFFECTIVEDATE": 20180701,
				"POBOX": "",
				"SUITENUMBER": "",
				"STREETNUMBER": "525",
				"STREETNAME": "MAIN STREET",
				"ADDRESSLINE2": null,
				"CITY": "BUFFALO",
				"STATE": "NY",
				"ZIPCODE": "14204",
				"TERRITORYCODE": "004",
				"RECORDSTATE": "U"
			},
			"GLCLASSLIST": [
				{
					"TRANS": "10",
					"POLICY": "BDKD000005",
					"EFFDTE": 20180701,
					"COVERG": "CPC",
					"PRMSTE": "31",
					"LOCNUM": "001",
					"BLDNUM": "001",
					"CLASX": "489654",
					"SEQNO": "",
					"RCDTYP": 3,
					"CLSDSC": "",
					"EXPOSE": 0,
					"EXPDSC": "N",
					"IFANY": "T",
					"EDSDTE": 20180701,
					"RECORDSTATE": "U"
				}
			],
			"CFPLOCATIONS": [
				{
					"POLICY": "BDKD000005",
					"EFFDTE": 20180701,
					"EDSDTE": 20180701,
					"PRMSTE": "31",
					"COVERG": "CPC",
					"LOCNUM": "001",
					"BLDNUM": "001",
					"RATCTY": "AMHERST",
					"TERR": "004",
					"CONTY": "",
					"FTHYDT": "",
					"FDMILE": "",
					"BPPACR": "",
					"SPRINK": "",
					"BLDCLS": "000545",
					"BLDDED": "0",
					"WNDDCT": "0",
					"CONSYM": "1",
					"CONYR": "1991",
					"BLDLM1": 0,
					"OCCPCY": "",
					"BLDVAL": "",
					"BLDCIN": "90.00",
					"BLDCOL": "SP",
					"WINDEV": "",
					"BPPLM1": "0",
					"BPPTFE": "",
					"BPPVN1": "",
					"BPPCN1": "",
					"BPPCOL": "",
					"TRANS": "10",
					"RCDTYP": 3,
					"PRTCLS": "",
					"EDITLOCATION": null,
					"RECORDSTATE": "U"
				},
				{
					"POLICY": "BDKD000005",
					"EFFDTE": 20180701,
					"EDSDTE": 20180701,
					"PRMSTE": "31",
					"COVERG": "CPC",
					"LOCNUM": "001",
					"BLDNUM": "002",
					"RATCTY": "AMHERST",
					"TERR": "004",
					"CONTY": "",
					"FTHYDT": "",
					"FDMILE": "",
					"BPPACR": "",
					"SPRINK": "",
					"BLDCLS": "000616",
					"BLDDED": "0",
					"WNDDCT": "0",
					"CONSYM": "1",
					"CONYR": "1991",
					"BLDLM1": 0,
					"OCCPCY": "",
					"BLDVAL": "",
					"BLDCIN": "90.00",
					"BLDCOL": "SP",
					"WINDEV": "",
					"BPPLM1": "0",
					"BPPTFE": "",
					"BPPVN1": "",
					"BPPCN1": "",
					"BPPCOL": "",
					"TRANS": "10",
					"RCDTYP": 3,
					"PRTCLS": "",
					"EDITLOCATION": null,
					"RECORDSTATE": "U"
				}
			],
			"TRANS": "10",
			"RCDTYP": 3,
			"EDITLOCATION": "",
			"POLICY": "BDKD000005",
			"EFFDTE": 20180701,
			"PRMSTE": "31",
			"COVERG": "CPC",
			"LOCNUM": "001",
			"BLDNUM": "001",
			"LOCATN": "",
			"STRNO": "525",
			"STRNME": "MAIN STREET",
			"SUITE": "",
			"LOCCTY": "BUFFALO",
			"LOCST": "NY",
			"LOCZIP": "14204",
			"TERR": "004",
			"EDSDTE": 20180701,
			"EDSNO": 0,
			"MLSHOR": 0,
			"FTSHOR": 0,
			"RECORDSTATE": "U"
		},
		{
			"ADDRESS": {
				"EFFECTIVEDATE": 20180701,
				"POBOX": "",
				"SUITENUMBER": "",
				"STREETNUMBER": "500",
				"STREETNAME": "TAMARK CT SUITE 200",
				"ADDRESSLINE2": null,
				"CITY": "CHKTG",
				"STATE": "",
				"ZIPCODE": "14227",
				"TERRITORYCODE": "004",
				"RECORDSTATE": "U"
			},
			"GLCLASSLIST": [
				{
					"TRANS": "10",
					"POLICY": "BDKD000005",
					"EFFDTE": 20180701,
					"COVERG": "CPC",
					"PRMSTE": "31",
					"LOCNUM": "002",
					"BLDNUM": "001",
					"CLASX": "987654",
					"SEQNO": "",
					"RCDTYP": 3,
					"CLSDSC": "",
					"EXPOSE": 0,
					"EXPDSC": "N",
					"IFANY": "T",
					"EDSDTE": 20180701,
					"RECORDSTATE": "U"
				}
			],
			"CFPLOCATIONS": [
				{
					"POLICY": "BDKD000005",
					"EFFDTE": 20180701,
					"EDSDTE": 20180701,
					"PRMSTE": "31",
					"COVERG": "CPC",
					"LOCNUM": "002",
					"BLDNUM": "001",
					"RATCTY": "CHKTG",
					"TERR": "004",
					"CONTY": "",
					"FTHYDT": "",
					"FDMILE": "",
					"BPPACR": "",
					"SPRINK": "",
					"BLDCLS": "000545",
					"BLDDED": "0",
					"WNDDCT": "0",
					"CONSYM": "1",
					"CONYR": "2005",
					"BLDLM1": 0,
					"OCCPCY": "",
					"BLDVAL": "",
					"BLDCIN": "190.00",
					"BLDCOL": "SP",
					"WINDEV": "",
					"BPPLM1": "0",
					"BPPTFE": "",
					"BPPVN1": "",
					"BPPCN1": "",
					"BPPCOL": "",
					"TRANS": "10",
					"RCDTYP": 3,
					"PRTCLS": "",
					"EDITLOCATION": null,
					"RECORDSTATE": "U"
				}
			],
			"TRANS": "10",
			"RCDTYP": 3,
			"EDITLOCATION": "",
			"POLICY": "BDKD000005",
			"EFFDTE": 20180701,
			"PRMSTE": "31",
			"COVERG": "CPC",
			"LOCNUM": "002",
			"BLDNUM": "001",
			"LOCATN": "",
			"STRNO": "500",
			"STRNME": "TAMARK CT SUITE 200",
			"SUITE": "",
			"LOCCTY": "CHKTG",
			"LOCST": "",
			"LOCZIP": "14227",
			"TERR": "004",
			"EDSDTE": 20180701,
			"EDSNO": 0,
			"MLSHOR": 0,
			"FTSHOR": 0,
			"RECORDSTATE": "U"
		}
	],
	"QUOTEPOLICYLIABLIMITS": {
		"TRANS": "10",
		"RCDTYP": 3,
		"EOLMTFORMAT": "$1,000,000/$2,000,000",
		"PCOLMTFORMAT": "$2,000,000",
		"PAILMTFORMAT": "$1,000,000",
		"POLICY": "BDKD000005",
		"EFFDTE": 20180701,
		"COVERG": "CPC",
		"EDSDTE": 20180701,
		"EDSNO": 0,
		"GALMT": 0,
		"PCOLMT": 2000000,
		"PAILMT": 1000000,
		"EOLMT": 1000000,
		"FDLMT": 500000,
		"MEDLMT": 5000,
		"PAEXC": "Y",
		"RECORDSTATE": "U"
	},
	"POLICYTRANS": {
		"ADDRESS": {
			"EFFECTIVEDATE": 20180701,
			"POBOX": "",
			"SUITENUMBER": "",
			"STREETNUMBER": "500",
			"STREETNAME": "MAIN STREET",
			"ADDRESSLINE2": null,
			"CITY": "BUFFALO",
			"STATE": "NY",
			"ZIPCODE": "14202",
			"TERRITORYCODE": "",
			"RECORDSTATE": "U"
		},
		"POLICY": "BDKD000005",
		"EFFDTE": 20180701,
		"EDSNO": 0,
		"EDSDTE": 20180701,
		"INSNAM": "BDK TESTER 007",
		"INSAD1": "500 MAIN STREET",
		"INSAD2": "",
		"INSAD3": "",
		"INSCTY": "BUFFALO",
		"INSST": "NY",
		"INSZIP": "14202",
		"INSTEL": "7165958484",
		"INSTYP": "IN",
		"TRANS": "10",
		"BUSDSC": "P1025 NEW ACCOUNT",
		"RECORDSTATE": "U"
	},
	"QUOTEPOLICYINFORMATION": {
		"AGENTNUMBER": "00111",
		"AGENTNAME": "TEST AGENT",
		"WEBACCOUNTNUMBER": "WA00001182",
		"WEBACCOUNTNAME": "TO TEST CONTRACTORS",
		"TRANSACTIONCODE": "10",
		"TRANSACTIONTYPE": "N",
		"QUOTEPOLICYNUMBER": "BDKD000005",
		"EFFECTIVEDATE": 20180701,
		"ENDORSEMENTNUMBER": 0,
		"ENDORSEMENTDATE": 20180701,
		"RECORDTYPE": 3
	}
}
