{
	"POLICYTRANS": {
		"POLICY": "BDKD000005",
		"EFFDTE": "20180701",
		"EDSNO": 0,
		"EDSDTE": 20180701,
		"INSNAM": "BDK TESTER",
		"INSAD1": "500 MAIN STREET",
		"INSAD2": "",
		"INSAD3": "",
		"INSCTY": "",
		"INSST": "",
		"INSZIP": "",
		"INSTEL": "7165958484",
		"INSTYP": "IN",
		"BUSDSC": "A test description",
		"RECORDSTATE": "N",
		"ADDRESS": {
			"POBOX": "",
			"SUITENUMBER": "",
			"STREETNUMBER": "250",
			"STREETNAME": "Main St",
			"ADDRESSLINE2": "",
			"CITY": "Buffalo",
			"STATE": "31",
			"ZIPCODE": "14206",
			"TERRITORYCODE": "",
			"RECORDSTATE": "N"
		}
	},
	"QUOTEPOLICYINFORMATION": {
		"AGENTNUMBER": "00111",
		"AGENTNAME": "BKINDZIERSKI",
		"WEBACCOUNTNUMBER": "",
		"WEBACCOUNTNAME": "",
		"TRANSACTIONCODE": "10",
		"TRANSACTIONTYPE": "E",
		"QUOTEPOLICYNUMBER": "BDKD000005",
		"EFFECTIVEDATE": 20180701,
		"ENDORSEMENTNUMBER": 0,
		"ENDORSEMENTDATE": 0,
		"RECORDTYPE": 3
	},
	"GLLOCATIONS": [{
		"POLICY": "BDKD000005",
		"EFFDTE": 20180701,
		"PRMSTE": "",
		"COVERG": "",
		"LOCNUM": "",
		"BLDNUM": "1",
		"LOCATN": "",
		"STRNO": "",
		"STRNME": "Vernon Lane",
		"SUITE": "",
		"LOCCTY": "",
		"LOCST": "",
		"LOCZIP": "",
		"TERR": "",
		"EDSDTE": 0,
		"EDSNO": 0,
		"TRANS": "",
		"MLSHOR": "7",
		"FTSHOR": "70090",
		"RCDTYP": 0,
		"RECORDSTATE": "N",
		"EDITLOCATION": false,
		"ADDRESS": {
			"POBOX": "",
			"SUITENUMBER": "",
			"STREETNUMBER": "250",
			"STREETNAME": "Main St",
			"ADDRESSLINE2": "",
			"CITY": "Buffalo",
			"STATE": "31",
			"ZIPCODE": "14206",
			"TERRITORYCODE": "",
			"RECORDSTATE": "N"
		},
		"GLClassList": [{
			"CLASX": "765754",
			"CLSDSC": "My Desc",
			"EXPOSURE": "",
			"EXPOSURETYPE": "",
			"IFANY": "",
			"RECORDSTATE": "N"
		}],
		"CFPLOCATIONS": [{
			"POLICY": "BDKD000005",
			"EFFDTE": 20180701,
			"COVERG": "",
			"LOCNUM": "",
			"BLDNUM": 0,
			"RATCTY": "",
			"TERR": "",
			"CONTY": "",
			"PRTCLS": "",
			"FTHYDT": "",
			"FDMILE": "",
			"BPPACR": "",
			"SPRINK": "",
			"BLDCLS": "",
			"BLDDED": "",
			"WNDDCT": "",
			"CONSYM": "",
			"CONYR": "",
			"BLDLM1": 0,
			"OCCPCY": "",
			"BLDVAL": "",
			"BLDCIN": "",
			"BLDCOL": "",
			"WINDEV": "",
			"BPPLM1": "",
			"BPPTFE": "",
			"BPPVN1": "",
			"BPPCN1": "",
			"BPPCOL": "",
			"TRANS": "",
			"RCDTYP": 0,
			"RECORDSTATE": "N"
		}]
	}],
	"QUOTEPOLICYLIABLIMITS": {
		"TRANS": "",
		"POLICY": "",
		"EFFDTE": 0,
		"COVERG": "",
		"RCDTYP": 0,
		"EDSDTE": 0,
		"EOLMT": "1000000",
		"MEDLMT": "5000",
		"FDLMT": "500000",
		"PCOLMT": "1000000",
		"PAILMT": "2000000",
		"PAEXC": "",
		"RECORDSTATE": "N"
	}
}