{
	"POLICYTRANS": {
		"POLICY": "BDKD000005",
		"EFFDTE": "20180701",
		"EDSNO": 0,
		"EDSDTE": 20180701,
		"INSNAM": "BDK TESTER",
		"INSAD1": "500 MAIN STREET",
		"INSAD2": "",
		"INSAD3": "",
		"INSCTY": "",
		"INSST": "",
		"INSZIP": "",
		"INSTEL": "7165958484",
		"INSTYP": "IN",
		"BUSDSC": "Sample File #2",
		"RECORDSTATE": "N",
		"ADDRESS": {
			"EFFECTIVEDATE": "",
			"POBOX": "",
			"SUITENUMBER": "",
			"STREETNUMBER": "250",
			"STREETNAME": "Main St",
			"ADDRESSLINE2": "",
			"CITY": "Buffalo",
			"STATE": "31",
			"ZIPCODE": "14206",
			"TERRITORYCODE": "",
			"RECORDSTATE": "N"
		}
	},
	"QUOTEPOLICYINFORMATION": {
		"AGENTNUMBER": "00111",
		"AGENTNAME": "BKINDZIERSKI",
		"WEBACCOUNTNUMBER": "",
		"WEBACCOUNTNAME": "",
		"TRANSACTIONCODE": "10",
		"TRANSACTIONTYPE": "E",
		"QUOTEPOLICYNUMBER": "",
		"EFFECTIVEDATE": 0,
		"ENDORSEMENTNUMBER": 0,
		"ENDORSEMENTDATE": 0,
		"RECORDTYPE": 3
	},
	"GLLOCATIONS": [{
			"POLICY": "BDKD000005",
			"EFFDTE": 20180701,
			"PRMSTE": "",
			"COVERG": "",
			"LOCNUM": "0",
			"BLDNUM": "0",
			"LOCATN": "",
			"STRNO": "",
			"STRNME": "Vernon Lane",
			"SUITE": "",
			"LOCCTY": "",
			"LOCST": "",
			"LOCZIP": "",
			"TERR": "",
			"EDSDTE": 0,
			"EDSNO": 0,
			"TRANS": "",
			"MLSHOR": "7",
			"FTSHOR": "70090",
			"RCDTYP": 0,
			"RECORDSTATE": "N",
			"EDITLOCATION": true,
			"ADDRESS": {
				"POBOX": "",
				"SUITENUMBER": "",
				"STREETNUMBER": "250",
				"STREETNAME": "Main St",
				"ADDRESSLINE2": "",
				"CITY": "Buffalo",
				"STATE": "31",
				"ZIPCODE": "14206",
				"TERRITORYCODE": "",
				"RECORDSTATE": "N"
			},
			"GLClassList": [{
				"CLASX": "765754",
				"CLSDSC": "My Desc",
				"EXPOSURE": "",
				"EXPOSURETYPE": "",
				"IFANY": "",
				"RECORDSTATE": "N"
			}],
			"CFPLOCATIONS": [{
				"POLICY": "BDKD000005",
				"EFFDTE": 20180701,
				"COVERG": "",
				"LOCNUM": "0",
				"BLDNUM": "0",
				"RATCTY": "RATCTY",
				"TERR": "",
				"CONTY": "",
				"PRTCLS": "",
				"FTHYDT": "",
				"FDMILE": "",
				"BPPACR": "BPPACR",
				"SPRINK": "",
				"BLDCLS": "",
				"BLDDED": "BLDDED1",
				"WNDDCT": "WNDDCT1",
				"CONSYM": "CONSYM1",
				"CONYR": "CONYR1",
				"BLDLM1": 0,
				"OCCPCY": "OCCPCY1",
				"BLDVAL": "BLDVAL1",
				"BLDCIN": "BLDCIN1",
				"BLDCOL": "BLDCOL1",
				"WINDEV": "WINDEV1",
				"BPPLM1": "BPPLM11",
				"BPPTFE": "",
				"BPPVN1": "BPPVN11",
				"BPPCN1": "BPPCN11",
				"BPPCOL": "BPPCO1L",
				"TRANS": "",
				"RCDTYP": 0,
				"RECORDSTATE": "N"
			}]
		},
		{
			"POLICY": "BDKD000005",
			"EFFDTE": 20180701,
			"PRMSTE": "",
			"COVERG": "",
			"LOCNUM": "1",
			"BLDNUM": "0",
			"LOCATN": "",
			"STRNO": "",
			"STRNME": "Vernon Lane",
			"SUITE": "",
			"LOCCTY": "",
			"LOCST": "",
			"LOCZIP": "",
			"TERR": "",
			"EDSDTE": 0,
			"EDSNO": 0,
			"TRANS": "",
			"MLSHOR": "7",
			"FTSHOR": "70090",
			"RCDTYP": 0,
			"RECORDSTATE": "N",
			"EDITLOCATION": false,
			"ADDRESS": {
				"POBOX": "",
				"SUITENUMBER": "",
				"STREETNUMBER": "5828",
				"STREETNAME": "Broadway St",
				"ADDRESSLINE2": "",
				"CITY": "Lancaster",
				"STATE": "31",
				"ZIPCODE": "14086",
				"TERRITORYCODE": "",
				"RECORDSTATE": "N"
			},
			"GLClassList": [{
				"CLASX": "765754",
				"CLSDSC": "My Desc",
				"EXPOSURE": "",
				"EXPOSURETYPE": "",
				"IFANY": "",
				"RECORDSTATE": "N"
			}],
			"CFPLOCATIONS": [{
					"POLICY": "BDKD000005",
					"EFFDTE": 20180701,
					"COVERG": "",
					"LOCNUM": "1",
					"BLDNUM": "0",
					"RATCTY": "RATCTY",
					"TERR": "",
					"CONTY": "",
					"PRTCLS": "",
					"FTHYDT": "",
					"FDMILE": "",
					"BPPACR": "BPPACR",
					"SPRINK": "",
					"BLDCLS": "",
					"BLDDED": "BLDDED2",
					"WNDDCT": "WNDDCT2",
					"CONSYM": "CONSYM2",
					"CONYR": "CONYR2",
					"BLDLM1": 0,
					"OCCPCY": "OCCPCY2",
					"BLDVAL": "BLDVA2",
					"BLDCIN": "BLDCIN2",
					"BLDCOL": "BLDCO2L",
					"WINDEV": "WINDEV2",
					"BPPLM1": "BPPLM12",
					"BPPTFE": "",
					"BPPVN1": "BPPVN21",
					"BPPCN1": "BPPCN12",
					"BPPCOL": "BPPCOL2",
					"TRANS": "",
					"RCDTYP": 0,
					"RECORDSTATE": "N"
				},
				{
					"POLICY": "BDKD000005",
					"EFFDTE": 20180701,
					"COVERG": "",
					"LOCNUM": "1",
					"BLDNUM": "1",
					"RATCTY": "RATCTY",
					"TERR": "",
					"CONTY": "",
					"PRTCLS": "",
					"FTHYDT": "",
					"FDMILE": "",
					"BPPACR": "BPPACR3",
					"SPRINK": "",
					"BLDCLS": "",
					"BLDDED": "BLDDED3",
					"WNDDCT": "WNDDCT3",
					"CONSYM": "CONSYM3",
					"CONYR": "CONYR3",
					"BLDLM1": 0,
					"OCCPCY": "OCCPCY3",
					"BLDVAL": "BLDVA3L",
					"BLDCIN": "BLDCIN3",
					"BLDCOL": "BLDCOL3",
					"WINDEV": "WINDEV3",
					"BPPLM1": "BPPLM13",
					"BPPTFE": "",
					"BPPVN1": "BPPVN31",
					"BPPCN1": "BPPCN13",
					"BPPCOL": "BPPCOL3",
					"TRANS": "",
					"RCDTYP": 0,
					"RECORDSTATE": "N"
				}
			]
		}
	],
	"QUOTEPOLICYLIABLIMITS": {
		"TRANS": "",
		"POLICY": "",
		"EFFDTE": 0,
		"COVERG": "",
		"RCDTYP": 0,
		"EDSDTE": 0,
		"EOLMT": "1000000",
		"MEDLMT": "5000",
		"FDLMT": "500000",
		"PCOLMT": "1000000",
		"PAILMT": "2000000",
		"PAEXC": "",
		"RECORDSTATE": "N"
	}
}