[{
		"value": "99",
		"label": "Unknown State",
		"merchants": "false"
	},
	{
		"value": "61",
		"label": "Alberta",
		"merchants": "false"
	},
	{
		"value": "54",
		"label": "Alaska",
		"merchants": "false"
	},
	{
		"value": "1",
		"label": "Alabama",
		"merchants": "false"
	},
	{
		"value": "3",
		"label": "Arkansas",
		"merchants": "false"
	},
	{
		"value": "2",
		"label": "Arizona",
		"merchants": "false"
	},
	{
		"value": "62",
		"label": "British Columbia",
		"merchants": "false"
	},
	{
		"value": "4",
		"label": "California",
		"merchants": "false"
	},
	{
		"value": "5",
		"label": "Colorado",
		"merchants": "false"
	},
	{
		"value": "6",
		"label": "Connecticut",
		"merchants": "false"
	},
	{
		"value": "8",
		"label": "District of Columbia",
		"merchants": "false"
	},
	{
		"value": "7",
		"label": "Delaware",
		"merchants": "false"
	},
	{
		"value": "9",
		"label": "Florida",
		"merchants": "false"
	},
	{
		"value": "10",
		"label": "Georgia",
		"merchants": "false"
	},
	{
		"value": "52",
		"label": "Hawaii",
		"merchants": "false"
	},
	{
		"value": "14",
		"label": "Iowa",
		"merchants": "false"
	},
	{
		"value": "11",
		"label": "Idaho",
		"merchants": "false"
	},
	{
		"value": "12",
		"label": "Illinois",
		"merchants": "false"
	},
	{
		"value": "13",
		"label": "Indiana",
		"merchants": "false"
	},
	{
		"value": "15",
		"label": "Kansas",
		"merchants": "false"
	},
	{
		"value": "16",
		"label": "Kentucky",
		"merchants": "false"
	},
	{
		"value": "17",
		"label": "Louisiana",
		"merchants": "false"
	},
	{
		"value": "20",
		"label": "Massachusetts",
		"merchants": "true"
	},
	{
		"value": "63",
		"label": "Manitoba",
		"merchants": "false"
	},
	{
		"value": "19",
		"label": "Maryland",
		"merchants": "false"
	},
	{
		"value": "18",
		"label": "Maine",
		"merchants": "false"
	},
	{
		"value": "21",
		"label": "Michigan",
		"merchants": "true"
	},
	{
		"value": "22",
		"label": "Minnesota",
		"merchants": "false"
	},
	{
		"value": "24",
		"label": "Missouri",
		"merchants": "false"
	},
	{
		"value": "23",
		"label": "Mississippi",
		"merchants": "false"
	},
	{
		"value": "25",
		"label": "Montana",
		"merchants": "false"
	},
	{
		"value": "71",
		"label": "New Brunswick",
		"merchants": "false"
	},
	{
		"value": "32",
		"label": "North Carolina",
		"merchants": "false"
	},
	{
		"value": "33",
		"label": "North Dakota",
		"merchants": "false"
	},
	{
		"value": "26",
		"label": "Nebraska",
		"merchants": "false"
	},
	{
		"value": "28",
		"label": "New Hampshire",
		"merchants": "true"
	},
	{
		"value": "29",
		"label": "New Jersey",
		"merchants": "true"
	},
	{
		"value": null,
		"label": "Newfoundland and Labrador",
		"merchants": "false"
	},
	{
		"value": "30",
		"label": "New Mexico",
		"merchants": "false"
	},
	{
		"value": "72",
		"label": "Nova Scotia",
		"merchants": "false"
	},
	{
		"value": "69",
		"label": "Northwest Territories",
		"merchants": "false"
	},
	{
		"value": null,
		"label": "Nunavut",
		"merchants": "false"
	},
	{
		"value": "27",
		"label": "Nevada",
		"merchants": "false"
	},
	{
		"value": "NY",
		"label": "New York",
		"merchants": "true"
	},
	{
		"value": "34",
		"label": "Ohio",
		"merchants": "true"
	},
	{
		"value": "35",
		"label": "Oklahoma",
		"merchants": "false"
	},
	{
		"value": "64",
		"label": "Ontario",
		"merchants": "false"
	},
	{
		"value": "36",
		"label": "Oregon",
		"merchants": "false"
	},
	{
		"value": "37",
		"label": "Pennsylvania",
		"merchants": "true"
	},
	{
		"value": "60",
		"label": "Prince Edward Island",
		"merchants": "false"
	},
	{
		"value": "58",
		"label": "Puerto Rico",
		"merchants": "false"
	},
	{
		"value": null,
		"label": "Quebec",
		"merchants": "false"
	},
	{
		"value": "38",
		"label": "Rhode Island",
		"merchants": "true"
	},
	{
		"value": "39",
		"label": "South Carolina",
		"merchants": "false"
	},
	{
		"value": "40",
		"label": "South Dakota",
		"merchants": "false"
	},
	{
		"value": null,
		"label": "Saskatchewan",
		"merchants": "false"
	},
	{
		"value": "41",
		"label": "Tennessee",
		"merchants": "false"
	},
	{
		"value": "42",
		"label": "Texas",
		"merchants": "false"
	},
	{
		"value": "43",
		"label": "Utah",
		"merchants": "false"
	},
	{
		"value": "45",
		"label": "Virginia",
		"merchants": "false"
	},
	{
		"value": "44",
		"label": "Vermont",
		"merchants": "false"
	},
	{
		"value": "46",
		"label": "Washington",
		"merchants": "false"
	},
	{
		"value": "48",
		"label": "Wisconsin",
		"merchants": "false"
	},
	{
		"value": "47",
		"label": "West Virginia",
		"merchants": "false"
	},
	{
		"value": "49",
		"label": "Wyoming",
		"merchants": "false"
	},
	{
		"value": null,
		"label": "Yukon Territory",
		"merchants": "false"
	}
]