{
    "UWQUESTIONSCATEGORY": [
    {
        "CATEGORY": "ACORD 125",
		"QUESTIONS": [
            {
                "ID": 1,
                "QUESTIONID": 1,
                "PARENTID": 1,
                "CLASSCODE": "All",
                "STATES": "CW",
                "QUESTION": "Scheduled Items",
                "QUESORDER": null,
                "ELEMENTTYPE": "ADDMORE",
                "ANSWER": "",
                "OPTIONDESC": "",
                "CONDITION": null,
                "REQUIRED": "N",
                "DATATYPE": "N",
                "DATALENGTH": 0,
                "OPTIONS": [],
                "FORMSTATUS": "",
                "LAYOUT": "Vertical",
                "FASTTRACK": "Y",
                "TAB": "ACORD 125",
                "REFERRALS": ">|6000000",
                "REFERRALTYPE": "",
                "PRODUCTID": "CTR",
                "REMARKS": "",
				"WEBLOCATION": "UW Questions",
				"SUBQUESTION": [
                    {
                        "ID": 2,
                        "QUESTIONID": 3,
                        "PARENTID": 0,
                        "CLASSCODE": "Conditional",
                        "STATES": "CW",
                        "QUESTION": "Description",
                        "QUESORDER": null,
                        "ELEMENTTYPE": "TEXT",
                        "ANSWER": "",
                        "OPTIONDESC": "",
                        "CONDITION": "",
                        "REQUIRED": "Y",
                        "DATATYPE": "A",
                        "DATALENGTH": 30,
                        "SUBQUESTION": [],
                        "OPTIONS": [],
                        "FORMSTATUS": "",
                        "LAYOUT": "Vertical",
                        "FASTTRACK": "Y",
                        "TAB": "ACORD 125",
                        "REFERRALS": null,
                        "REFERRALTYPE": "",
                        "PRODUCTID": "CTR",
                        "REMARKS": "",
                        "WEBLOCATION": "UW Questions"
					},
					{
                        "ID": 3,
                        "QUESTIONID": 3,
                        "PARENTID": 0,
                        "CLASSCODE": "Conditional",
                        "STATES": "CW",
                        "QUESTION": "Manufacturer",
                        "QUESORDER": null,
                        "ELEMENTTYPE": "TEXT",
                        "ANSWER": "",
                        "OPTIONDESC": "",
                        "CONDITION": "=|Y",
                        "REQUIRED": "Y",
                        "DATATYPE": "A",
                        "DATALENGTH": 30,
                        "SUBQUESTION": [],
                        "OPTIONS": [],
                        "FORMSTATUS": "",
                        "LAYOUT": "Vertical",
                        "FASTTRACK": "Y",
                        "TAB": "ACORD 125",
                        "REFERRALS": null,
                        "REFERRALTYPE": "",
                        "PRODUCTID": "CTR",
                        "REMARKS": "",
                        "WEBLOCATION": "UW Questions"
					},
					{
                        "ID": 4,
                        "QUESTIONID": 3,
                        "PARENTID": 0,
                        "CLASSCODE": "Conditional",
                        "STATES": "CW",
                        "QUESTION": "Model",
                        "QUESORDER": null,
                        "ELEMENTTYPE": "TEXT",
                        "ANSWER": "",
                        "OPTIONDESC": "",
                        "CONDITION": "=|Y",
                        "REQUIRED": "Y",
                        "DATATYPE": "A",
                        "DATALENGTH": 30,
                        "SUBQUESTION": [],
                        "OPTIONS": [],
                        "FORMSTATUS": "",
                        "LAYOUT": "Vertical",
                        "FASTTRACK": "Y",
                        "TAB": "ACORD 125",
                        "REFERRALS": null,
                        "REFERRALTYPE": "",
                        "PRODUCTID": "CTR",
                        "REMARKS": "",
                        "WEBLOCATION": "UW Questions"
					},
					{
                        "ID": 5,
                        "QUESTIONID": 3,
                        "PARENTID": 0,
                        "CLASSCODE": "Conditional",
                        "STATES": "CW",
                        "QUESTION": "Year",
                        "QUESORDER": null,
                        "ELEMENTTYPE": "TEXT",
                        "ANSWER": "",
                        "OPTIONDESC": "",
                        "CONDITION": "=|Y",
                        "REQUIRED": "N",
                        "DATATYPE": "A",
                        "DATALENGTH": 30,
                        "SUBQUESTION": [],
                        "OPTIONS": [],
                        "FORMSTATUS": "",
                        "LAYOUT": "Vertical",
                        "FASTTRACK": "Y",
                        "TAB": "ACORD 125",
                        "REFERRALS": null,
                        "REFERRALTYPE": "",
                        "PRODUCTID": "CTR",
                        "REMARKS": "",
                        "WEBLOCATION": "UW Questions"
					},
					{
                        "ID": 6,
                        "QUESTIONID": 3,
                        "PARENTID": 0,
                        "CLASSCODE": "Conditional",
                        "STATES": "CW",
                        "QUESTION": "Serial #",
                        "QUESORDER": null,
                        "ELEMENTTYPE": "TEXT",
                        "ANSWER": "",
                        "OPTIONDESC": "",
                        "CONDITION": "=|Y",
                        "REQUIRED": "N",
                        "DATATYPE": "A",
                        "DATALENGTH": 30,
                        "SUBQUESTION": [],
                        "OPTIONS": [],
                        "FORMSTATUS": "",
                        "LAYOUT": "Vertical",
                        "FASTTRACK": "Y",
                        "TAB": "ACORD 125",
                        "REFERRALS": null,
                        "REFERRALTYPE": "",
                        "PRODUCTID": "CTR",
                        "REMARKS": "",
                        "WEBLOCATION": "UW Questions"
					},
					{
                        "ID": 7,
                        "QUESTIONID": 3,
                        "PARENTID": 0,
                        "CLASSCODE": "Conditional",
                        "STATES": "CW",
                        "QUESTION": "Amount of Insurance",
                        "QUESORDER": null,
                        "ELEMENTTYPE": "TEXT",
                        "ANSWER": "",
                        "OPTIONDESC": "",
                        "CONDITION": "=|Y",
                        "REQUIRED": "N",
                        "DATATYPE": "A",
                        "DATALENGTH": 30,
                        "SUBQUESTION": [],
                        "OPTIONS": [],
                        "FORMSTATUS": "",
                        "LAYOUT": "Vertical",
                        "FASTTRACK": "Y",
                        "TAB": "ACORD 125",
                        "REFERRALS": null,
                        "REFERRALTYPE": "",
                        "PRODUCTID": "CTR",
                        "REMARKS": "",
                        "WEBLOCATION": "UW Questions"
					}
				]
            },
            {
                "ID": 8,
                "QUESTIONID": 1,
                "PARENTID": 1,
                "CLASSCODE": "All",
                "STATES": "CW",
                "QUESTION": "Annual Revenues:",
                "QUESORDER": null,
                "ELEMENTTYPE": "TEXT",
                "ANSWER": "",
                "OPTIONDESC": "",
                "CONDITION": null,
                "REQUIRED": "Y",
                "DATATYPE": "N",
                "DATALENGTH": 8,
                "SUBQUESTION": [],
                "OPTIONS": [],
                "FORMSTATUS": "",
                "LAYOUT": "Vertical",
                "FASTTRACK": "Y",
                "TAB": "ACORD 125",
                "REFERRALS": ">|6000000",
                "REFERRALTYPE": "",
                "PRODUCTID": "CTR",
                "REMARKS": "",
                "WEBLOCATION": "UW Questions"
			},{
                "ID": 9,
                "QUESTIONID": 2,
                "PARENTID": 1,
                "CLASSCODE": "All",
                "STATES": "CW",
                "QUESTION": "Is the Applicant a subsidiary of another company?",
                "QUESORDER": null,
                "ELEMENTTYPE": "RADIO",
                "ANSWER": "",
                "OPTIONDESC": "",
                "CONDITION": null,
                "REQUIRED": "Y",
                "DATATYPE": "A",
                "DATALENGTH": 1,
                "SUBQUESTION": [
                    {
                        "ID": 10,
                        "QUESTIONID": 3,
                        "PARENTID": 0,
                        "CLASSCODE": "Conditional",
                        "STATES": "CW",
                        "QUESTION": "Parent Company Name",
                        "QUESORDER": null,
                        "ELEMENTTYPE": "TEXT",
                        "ANSWER": "",
                        "OPTIONDESC": "",
                        "CONDITION": "=|Y",
                        "REQUIRED": "N",
                        "DATATYPE": "A",
                        "DATALENGTH": 30,
                        "SUBQUESTION": [],
                        "OPTIONS": [],
                        "FORMSTATUS": "",
                        "LAYOUT": "Vertical",
                        "FASTTRACK": "Y",
                        "TAB": "ACORD 125",
                        "REFERRALS": null,
                        "REFERRALTYPE": "",
                        "PRODUCTID": "CTR",
                        "REMARKS": "",
                        "WEBLOCATION": "UW Questions"
                    },
                    {
                        "ID": 11,
                        "QUESTIONID": 4,
                        "PARENTID": 0,
                        "CLASSCODE": "Conditional",
                        "STATES": "CW",
                        "QUESTION": "Relationship Description",
                        "QUESORDER": null,
                        "ELEMENTTYPE": "TEXT",
                        "ANSWER": "",
                        "OPTIONDESC": "",
                        "CONDITION": "=|Y",
                        "REQUIRED": "N",
                        "DATATYPE": "A",
                        "DATALENGTH": 10,
                        "SUBQUESTION": [],
                        "OPTIONS": [],
                        "FORMSTATUS": "",
                        "LAYOUT": "Vertical",
                        "FASTTRACK": "Y",
                        "TAB": "ACORD 125",
                        "REFERRALS": null,
                        "REFERRALTYPE": "",
                        "PRODUCTID": "CTR",
                        "REMARKS": "",
                        "WEBLOCATION": "UW Questions"
                    },
                    {
                        "ID": 12,
                        "QUESTIONID": 5,
                        "PARENTID": 0,
                        "CLASSCODE": "Conditional",
                        "STATES": "CW",
                        "QUESTION": "% Owned",
                        "QUESORDER": null,
                        "ELEMENTTYPE": "TEXT",
                        "ANSWER": "",
                        "OPTIONDESC": "",
                        "CONDITION": "=|Y",
                        "REQUIRED": "N",
                        "DATATYPE": "N",
                        "DATALENGTH": 3,
                        "SUBQUESTION": [],
                        "OPTIONS": [],
                        "FORMSTATUS": "",
                        "LAYOUT": "Vertical",
                        "FASTTRACK": "Y",
                        "TAB": "ACORD 125",
                        "REFERRALS": null,
                        "REFERRALTYPE": "",
                        "PRODUCTID": "CTR",
                        "REMARKS": "",
                        "WEBLOCATION": "UW Questions"
                    }
                ],
                "OPTIONS": [],
                "FORMSTATUS": "",
                "LAYOUT": "Vertical",
                "FASTTRACK": "Y",
                "TAB": "ACORD 125",
                "REFERRALS": "=|Y",
                "REFERRALTYPE": "",
                "PRODUCTID": "CTR",
                "REMARKS": "",
                "WEBLOCATION": "UW Questions"
            },
            {
                "ID": 13,
                "QUESTIONID": 6,
                "PARENTID": 1,
                "CLASSCODE": "All",
                "STATES": "CW",
                "QUESTION": "Does the Applicant have any subsidiaries?",
                "QUESORDER": null,
                "ELEMENTTYPE": "RADIO",
                "ANSWER": "",
                "OPTIONDESC": "",
                "CONDITION": null,
                "REQUIRED": "Y",
                "DATATYPE": "A",
                "DATALENGTH": 1,
                "SUBQUESTION": [
                    {
                        "ID": 14,
                        "QUESTIONID": 7,
                        "PARENTID": 0,
                        "CLASSCODE": "Conditional",
                        "STATES": "CW",
                        "QUESTION": "Subsidiary Company Name",
                        "QUESORDER": null,
                        "ELEMENTTYPE": "TEXT",
                        "ANSWER": "",
                        "OPTIONDESC": "",
                        "CONDITION": "=|Y",
                        "REQUIRED": "N",
                        "DATATYPE": "A",
                        "DATALENGTH": 30,
                        "SUBQUESTION": [],
                        "OPTIONS": [],
                        "FORMSTATUS": "",
                        "LAYOUT": "Vertical",
                        "FASTTRACK": "Y",
                        "TAB": "ACORD 125",
                        "REFERRALS": null,
                        "REFERRALTYPE": "",
                        "PRODUCTID": "CTR",
                        "REMARKS": "",
                        "WEBLOCATION": "UW Questions"
                    },
                    {
                        "ID": 15,
                        "QUESTIONID": 8,
                        "PARENTID": 0,
                        "CLASSCODE": "Conditional",
                        "STATES": "CW",
                        "QUESTION": "Relationship Description",
                        "QUESORDER": null,
                        "ELEMENTTYPE": "TEXT",
                        "ANSWER": "",
                        "OPTIONDESC": "",
                        "CONDITION": "=|Y",
                        "REQUIRED": "N",
                        "DATATYPE": "A",
                        "DATALENGTH": 10,
                        "SUBQUESTION": [],
                        "OPTIONS": [],
                        "FORMSTATUS": "",
                        "LAYOUT": "Vertical",
                        "FASTTRACK": "Y",
                        "TAB": "ACORD 125",
                        "REFERRALS": null,
                        "REFERRALTYPE": "",
                        "PRODUCTID": "CTR",
                        "REMARKS": "",
                        "WEBLOCATION": "UW Questions"
                    },
                    {
                        "ID": 16,
                        "QUESTIONID": 9,
                        "PARENTID": 0,
                        "CLASSCODE": "Conditional",
                        "STATES": "CW",
                        "QUESTION": "% Owned",
                        "QUESORDER": null,
                        "ELEMENTTYPE": "TEXT",
                        "ANSWER": "",
                        "OPTIONDESC": "",
                        "CONDITION": "=|Y",
                        "REQUIRED": "N",
                        "DATATYPE": "N",
                        "DATALENGTH": 3,
                        "SUBQUESTION": [],
                        "OPTIONS": [],
                        "FORMSTATUS": "",
                        "LAYOUT": "Vertical",
                        "FASTTRACK": "Y",
                        "TAB": "ACORD 125",
                        "REFERRALS": null,
                        "REFERRALTYPE": "",
                        "PRODUCTID": "CTR",
                        "REMARKS": "",
                        "WEBLOCATION": "UW Questions"
                    }
                ],
                "OPTIONS": [],
                "FORMSTATUS": "",
                "LAYOUT": "Vertical",
                "FASTTRACK": "Y",
                "TAB": "ACORD 125",
                "REFERRALS": "=|Y",
                "REFERRALTYPE": "",
                "PRODUCTID": "CTR",
                "REMARKS": "",
                "WEBLOCATION": "UW Questions"
            }
		]
	}
]}
