[{
	"version": "1.1.8.1",
	"release_date": "01/08/2019",
	"desc": "This update addresses issues with Location Summary - adding and removing a location; saving a location; adding and removing property coverage. Fixes to GL Classes including adding / removing / saving as well as exposure and correcly persisting to the back end. Underwriting questions is also apart of this release; pulling the correct CTR Quote business classes. UW Questions should be correct by state and class code.",
	"bugs": []
},
{
	"version": "1.1.7.26",
	"release_date": "11/26/2018",
	"desc": "Contains re-worked menu system, 26 bug fixes! and improved save functionality",
	"bugs": [{
			"TFS_id": "669",
			"desc": "There is not supposed to be a Named insured 2 - Address is prefilling under Named Insured 2 field ( updated 11/12/18)"
		}, {
			"TFS_id": "675",
			"desc": "I entered a suite number and it didn't map over"
		}, {
			"TFS_id": "678",
			"desc": "I entered a PO Box of 12345645ab - This is printing on the Street number and address line 1 and 2 fields and nothing in the PO box field"
		},
		{
			"TFS_id": "703",
			"desc": "I went back into a saved quote ( CTRD000133 )  and insured type was not retained."
		},
		{
			"TFS_id": "704",
			"desc": "When you go back into a saved quote, the selection for 'any losses in the past 3 years' is not being retained."
		}, {
			"TFS_id": "705",
			"desc": "Once you exit out and go back into quote, none of the location info is being retained"
		},
		{
			"TFS_id": "706",
			"desc": "state of VT is not among the dropdown in state on location tab"
		},
		{
			"TFS_id": "707",
			"desc": "Rhode Island is not listed as one of the states we write with - should not display in drop down"
		},
		{
			"TFS_id": "708",
			"desc": "Once you select the state from the dropdown, it continues to display - I started typing the letters from the state and then selected New Jersey...Box does not go away and therefore the zip code box is hidden ( I have a snapshot of the screen)"
		},
		{
			"TFS_id": "709",
			"desc": "When you are on the property info modal and you hit the back button and they go forward, you are no longer able to get to the property coverage modal screen again."
		},
		{
			"TFS_id": "710",
			"desc": "The Tab button is not working when you try tabbing from street number to address line 1.. It works when you try going from address line 1 to any other address box,."
		},
		{
			"TFS_id": "711",
			"desc": "Matrix indicates these fields should default to 'none' - It currently defaults to blank."
		},
		{
			"TFS_id": "712",
			"desc": "There should be 4 options to choose from - field currently is blank"
		},
		{
			"TFS_id": "713",
			"desc": "matrix indicates this should default to 1,000 - currently is defaulting to blank"
		},
		{
			"TFS_id": "714",
			"desc": "there should not be $250 as a selection option"
		},
		{
			"TFS_id": "715",
			"desc": "Should be defaulted to RCV - currently its blank"
		}, {
			"TFS_id": "716",
			"desc": "Coinsurance % - This field should default to 80% - currently it is blank"
		},
		{
			"TFS_id": "719",
			"desc": "Screen shows Location 1 building 1 and Location 1 building 2 - I only entered 1 location 1 building. I am not able to go into either one to retrieve any data"
		},
		{
			"TFS_id": "720",
			"desc": "Both these fields are supposed to be drop downs and they currently are not"
		},
		{
			"TFS_id": "722",
			"desc": "Liability Limits - fields missing default values"
		},
		{
			"TFS_id": "725",
			"desc": "The 'delete location' button at top is not available for Location 1"
		},
		{
			"TFS_id": "726",
			"desc": "Left side of screen where location addresses show up - is missing location #2"
		},
		{
			"TFS_id": "739",
			"desc": "The drop down calendar should have a double back arrow to go back previous years. Agent can add claim going back 3 or 4 years"
		},
		{
			"TFS_id": "740",
			"desc": "Two boxes in red the say field is a required field are off - Line of Business - Indicates 'Amount Reserved is required' and Type /Description of claim shows 'Line of Business is required'"
		}, {
			"TFS_id": "751",
			"desc": "Losses - Amount paid and Amount Reserved - field length is allowing more than 9 characters"
		},
		{
			"TFS_id": "752",
			"desc": "Losses - Amount Reserved - This is supposed to be a optional field - Field indicates that is it a required field"
		}
	]
},
{
	"version": "1.1.6.1",
	"release_date": "11/26/2018",
	"desc": "Contains refactoring of Underwriting Questions, default values for dropdowns in Additional Coverages and 1 bug fix.",
	"bugs": [{
		"TFS_id": "700",
		"desc": "Screen labels appear in drop down menues"
	}]
}, {
	"version": "1.1.5.6",
	"release_date": "11/26/2018",
	"desc": "Contains Additional Coverages and Premium Summary components, the bugs listed, and navigation issues found.",
	"bugs": [{
			"TFS_id": "670",
			"desc": "There should not be anything in Address line 2 - The Street name is prefilling under Address Line 2"
		},
		{
			"TFS_id": "671",
			"desc": "Test Matrix indicates the field length should be 30 - The field does allow you to enter 30 but you get a screen error that states - \"Max length of street # is 10\""
		},
		{
			"TFS_id": "672",
			"desc": "This is supposed to be a mandatory field and I was able to go to next screen without filling this out"
		},
		{
			"TFS_id": "673",
			"desc": "The save button is not working - I am not able to save any of my quotes."
		},
		{
			"TFS_id": "677",
			"desc": "Info that was added in these fields are not being retained. Once you go off this screen and go back to it, all info is lost and are required to enter again"
		},
		{
			"TFS_id": "678",
			"desc": "I entered a PO Box of 12345645ab - This is printing on the Street number and address line 1 and 2 fields and nothing in the PO box field"
		}
	]
}
]
