[{
	"SECTION": "Named Insureds",
	"TYPE": "form",
	"ROWLIMIT": 5,
	"FIELDS": [{
			"ID": 1,
			"LABEL": "Named Insured",
			"TYPE": "TEXT",
			"ANSWER": ""
		}, {
			"ID": 2,
			"LABEL": "Active",
			"TYPE": "SWITCH",
			"ANSWER": null
		}, {
			"ID": 3,
			"LABEL": "Length of Time in Operation",
			"TYPE": "TEXT",
			"ANSWER": ""
		}, {
			"ID": 4,
			"LABEL": "Description of Operation",
			"TYPE": "TEXT",
			"ANSWER": ""
		}, {
			"ID": 5,
			"LABEL": "Insured Type",
			"TYPE": "TEXT",
			"ANSWER": ""
		}, {
			"ID": 6,
			"LABEL": "Date From",
			"TYPE": "CALENDAR",
			"ANSWER": ""
		}, {
			"ID": 7,
			"LABEL": "Date To",
			"TYPE": "CALENDAR",
			"ANSWER": ""
		}

	]
}, {
	"SECTION": "Percentage of Your Current Operations",
	"TYPE": "table",
	"SUBLABEL": "Based on receipts. Should total 100%",
	"ROWLIMIT": 1,
	"HEADER": [{
		"LABEL": "Home builder",
		"WIDTH": "20%"
	}, {
		"LABEL": "Subcontractor",
		"WIDTH": "20%"
	}, {
		"LABEL": "Construction Manager",
		"WIDTH": "20%"
	}, {
		"LABEL": "Other",
		"WIDTH": "20%"
	}, {
		"LABEL": "Total",
		"WIDTH": "20%"
	}],
	"ROW": [{
		"TYPE": "TEXT",
		"MASK": "percentMask",
		"ANSWER": ""
	}, {
		"TYPE": "TEXT",
		"MASK": "percentMask",
		"ANSWER": ""
	}, {
		"TYPE": "TEXT",
		"MASK": "percentMask",
		"ANSWER": ""
	}, {
		"TYPE": "TEXT",
		"MASK": "percentMask",
		"ANSWER": ""
	}, {
		"TYPE": "TOTAL",
		"COLUMNS": [0, 1, 2, 3],
		"MASK": "percentMask",
		"ANSWER": ""
	}],
	"FOOTER": [{
		"LABEL": "Describe Other",
		"COLSPAN": 5
	}]
}, {
	"SECTION": "Work Performed",
	"TYPE": "table",
	"SUBLABEL": "Based on receipts. Should total 100%",
	"ROWLIMIT": 1,
	"HEADER": [{
		"LABEL": "New Construction",
		"WIDTH": "20%"
	}, {
		"LABEL": "Renovations",
		"WIDTH": "20%"
	}, {
		"LABEL": "Service / Repair",
		"WIDTH": "20%"
	}, {
		"LABEL": "Other",
		"WIDTH": "20%"
	}, {
		"LABEL": "Total",
		"WIDTH": "20%"
	}],
	"ROW": [{
		"ID": 1,
		"TYPE": "TEXT",
		"MASK": "percentMask",
		"ANSWER": ""
	}, {
		"ID": 2,
		"TYPE": "TEXT",
		"MASK": "percentMask",
		"ANSWER": ""
	}, {
		"ID": 3,
		"TYPE": "TEXT",
		"MASK": "percentMask",
		"ANSWER": ""
	}, {
		"ID": 4,
		"TYPE": "TEXT",
		"MASK": "percentMask",
		"ANSWER": ""
	}, {
		"ID": 5,
		"TYPE": "TOTAL",
		"COLUMNS": [0, 1, 2, 3],
		"MASK": "percentMask",
		"ANSWER": ""
	}],
	"FOOTER": "Describe Other"
}, {
	"TYPE": "block",
	"FIELDS": [{
		"ID": 1,
		"LABEL": "Percentage of Work Subcontracted to Others",
		"SUBLABEL": "Based on total job costs-include the cost of materials provided by both the named insured and subcontractor",
		"TYPE": "TEXT",
		"ANSWER": ""
	}, {
		"ID": 2,
		"LABEL": "Number of Employees",
		"TYPE": "TEXT",
		"ANSWER": ""
	}]
}, {
	"SECTION": "Past Projects - Largest Jobs",
	"TYPE": "table",
	"SUBLABEL": "List the 5 largest jobs in the past 5 years",
	"ROWLIMIT": 5,
	"HEADER": [{
		"LABEL": "Description of Job",
		"WIDTH": "20%"
	}, {
		"LABEL": "Location",
		"WIDTH": "20%"
	}, {
		"LABEL": "Total Cost",
		"WIDTH": "20%"
	}, {
		"LABEL": "Date of Completion",
		"WIDTH": "20%"
	}, {
		"LABEL": "Total",
		"WIDTH": "20%"
	}],
	"ROW": [{
		"ID": 1,
		"TYPE": "TEXT",
		"MASK": null,
		"ANSWER": ""
	}, {
		"ID": 2,
		"TYPE": "TEXT",
		"MASK": null,
		"ANSWER": ""
	}, {
		"ID": 3,
		"TYPE": "TEXT",
		"MASK": "currencyMask",
		"ANSWER": ""
	}, {
		"ID": 4,
		"TYPE": "CALENDAR",
		"MASK": null,
		"ANSWER": ""
	}],
	"FOOTER": []
}]
